{"minzoom":0,"maxzoom":8,"center":[0.703125,9.101423,8.0],"bounds":[-0.145744,6.103445,1.803364,11.138991]}