{"minzoom":0,"maxzoom":9,"center":[1.054687,9.448887,9.0],"bounds":[-0.145744,6.103445,1.803364,11.138991]}